Gene ID,Public Name,wt_1,wt_2,wt_3,prg-1_1,prg-1_2,prg-1_3,Fold change in prg-1,prg-1 adjusted P value,Input,Suggested Match,History
AH9.8,linc-78,45.24,40.99,43.82,0.0,2.31,4.12,-20.23,6.91e-09,AH9.8,WBGene00219643,Sequence name for WBGene00219643(linc-78). History: N.A.
B0228.t1,B0228.t1,9.05,9.73,8.39,19.24,17.3,24.74,2.26,0.0158,B0228.t1,WBGene00022896,Public name for WBGene00022896. History: N.A.
B0244.t1,B0244.t1,9.05,6.95,11.19,20.2,21.91,30.92,2.69,0.00176,B0244.t1,WBGene00022897,Public name for WBGene00022897. History: N.A.
B0244.t3,B0244.t3,6.79,6.25,9.32,19.24,20.76,28.86,3.08,0.000632,B0244.t3,WBGene00022899,Public name for WBGene00022899. History: N.A.
B0280.15,sls-2.16,11.31,9.03,11.19,19.24,27.68,41.23,2.8,0.00177,B0280.15,WBGene00004848,Sequence name for WBGene00004848(sls-2.16). History: N.A.
B0280.16,sls-2.18,47.5,38.91,50.34,86.56,94.56,98.96,2.05,2.03e-06,B0280.16,WBGene00004850,Sequence name for WBGene00004850(sls-2.18). History: N.A.
B0285.t1,B0285.t1,15.83,15.29,8.39,20.2,26.52,41.23,2.23,0.0151,B0285.t1,WBGene00007475,Public name for WBGene00007475. History: N.A.
B0513.t1,B0513.t1,35.06,34.74,48.48,10.58,10.38,14.43,-3.34,1.08e-05,B0513.t1,WBGene00009206,Public name for WBGene00009206. History: N.A.
C02B4.t2,C02B4.t2,12.44,11.81,12.12,21.16,24.22,37.11,2.27,0.00568,C02B4.t2,WBGene00009555,Public name for WBGene00009555. History: N.A.
C02F12.t1,C02F12.t1,5.65,4.86,6.53,12.5,13.84,22.68,2.88,0.0103,C02F12.t1,WBGene00022905,Public name for WBGene00022905. History: N.A.
C03F11.t1,C03F11.t1,5.65,4.86,6.53,12.5,13.84,22.68,2.88,0.0103,C03F11.t1,WBGene00022906,Public name for WBGene00022906. History: N.A.
C04A11.t1,C04A11.t1,10.18,6.25,10.25,15.39,14.99,24.74,2.07,0.0413,C04A11.t1,WBGene00000308,Public name for WBGene00000308. History: N.A.
C04E7.t1,C04E7.t1,5.65,7.64,7.46,13.46,13.84,20.62,2.31,0.033,C04E7.t1,WBGene00022908,Public name for WBGene00022908. History: N.A.
C05C9.t1,C05C9.t1,5.65,7.64,7.46,13.46,13.84,20.62,2.31,0.033,C05C9.t1,WBGene00000310,Public name for WBGene00000310. History: N.A.
C05C9.t2,C05C9.t2,5.65,7.64,7.46,13.46,13.84,20.62,2.31,0.033,C05C9.t2,WBGene00000311,Public name for WBGene00000311. History: N.A.
C05E7.t1,C05E7.t1,9.05,9.73,8.39,19.24,18.45,26.8,2.37,0.00859,C05E7.t1,WBGene00010376,Public name for WBGene00010376. History: N.A.
C05E7.t2,C05E7.t2,9.05,9.73,8.39,19.24,18.45,26.8,2.37,0.00859,C05E7.t2,WBGene00010430,Public name for WBGene00010430. History: N.A.
C05E7.t3,C05E7.t3,5.65,7.64,7.46,13.46,13.84,20.62,2.31,0.033,C05E7.t3,WBGene00010431,Public name for WBGene00010431. History: N.A.
C05H8.3,C05H8.3,44.11,48.64,37.29,125.03,172.97,140.19,3.37,2.01e-14,C05H8.3,WBGene00045089,Public name for WBGene00045089. History: N.A.
C06B8.t1,C06B8.t1,36.19,36.13,37.29,56.74,38.05,111.33,1.88,0.0423,C06B8.t1,WBGene00010733,Public name for WBGene00010733. History: N.A.
C06B8.t3,C06B8.t3,9.05,6.95,11.19,20.2,21.91,30.92,2.69,0.00176,C06B8.t3,WBGene00011346,Public name for WBGene00011346. History: N.A.
C06E4.t1,C06E4.t1,9.05,9.73,8.39,19.24,18.45,26.8,2.37,0.00859,C06E4.t1,WBGene00022912,Public name for WBGene00022912. History: N.A.
C06G1.t2,C06G1.t2,5.65,6.25,6.53,13.46,13.84,20.62,2.6,0.013,C06G1.t2,WBGene00022914,Public name for WBGene00022914. History: N.A.
C06G1.t3,C06G1.t3,5.65,6.25,6.53,13.46,13.84,20.62,2.6,0.013,C06G1.t3,WBGene00022915,Public name for WBGene00022915. History: N.A.
C06G1.t4,C06G1.t4,6.79,11.12,11.19,15.39,25.37,22.68,2.18,0.0226,C06G1.t4,WBGene00022916,Public name for WBGene00022916. History: N.A.
C06G4.t1,C06G4.t1,3.39,4.86,4.66,10.58,11.53,16.49,2.99,0.0145,C06G4.t1,WBGene00022917,Public name for WBGene00022917. History: N.A.
C09B9.t1,C09B9.t1,4.52,4.17,6.53,9.62,13.84,20.62,2.9,0.0209,C09B9.t1,WBGene00022920,Public name for WBGene00022920. History: N.A.
C10G8.t1,C10G8.t1,9.05,9.73,8.39,19.24,18.45,26.8,2.37,0.00859,C10G8.t1,WBGene00022921,Public name for WBGene00022921. History: N.A.
C13B4.t1,C13B4.t1,9.05,9.73,8.39,19.24,18.45,26.8,2.37,0.00859,C13B4.t1,WBGene00013948,Public name for WBGene00013948. History: N.A.
C14B9.t1,C14B9.t1,5.65,4.86,6.53,12.5,13.84,22.68,2.88,0.0103,C14B9.t1,WBGene00022923,Public name for WBGene00022923. History: N.A.
C14B9.t2,C14B9.t2,11.31,9.73,8.39,15.39,17.3,26.8,2.02,0.0457,C14B9.t2,WBGene00022924,Public name for WBGene00022924. History: N.A.
C14C10.8,C14C10.8,31.67,38.91,37.29,86.56,92.25,74.22,2.35,1.13e-07,C14C10.8,WBGene00045126,Public name for WBGene00045126. History: N.A.
C15F1.9,sup-39,75.77,62.53,63.39,427.02,432.43,453.56,6.51,3.82e-80,C15F1.9,WBGene00006344,Sequence name for WBGene00006344(sup-39). History: N.A.
C16A3.11,C16A3.11,3.39,2.08,3.73,10.58,17.3,10.31,4.15,0.00675,C16A3.11,WBGene00023469,Public name for WBGene00023469. History: N.A.
C16D9.t3,C16D9.t3,5.65,4.86,6.53,12.5,13.84,22.68,2.88,0.0103,C16D9.t3,WBGene00022934,Public name for WBGene00022934. History: N.A.
C17C3.16,sls-2.2,48.63,61.14,66.19,92.33,88.79,88.65,1.53,0.00266,C17C3.16,WBGene00004834,Sequence name for WBGene00004834(sls-2.2). History: N.A.
C17C3.17,sls-2.3,42.97,48.64,54.07,86.56,78.41,86.59,1.73,0.000257,C17C3.17,WBGene00004835,Sequence name for WBGene00004835(sls-2.3). History: N.A.
C17D12.t3,C17D12.t3,9.05,9.03,14.92,21.16,21.91,35.05,2.37,0.00655,C17D12.t3,WBGene00014147,Public name for WBGene00014147. History: N.A.
C18A3.12,C18A3.12,101.78,147.99,119.33,172.15,171.82,171.12,1.4,0.00784,C18A3.12,WBGene00044704,Public name for WBGene00044704. History: N.A.
C18D4.11,linc-14,0.0,0.69,1.86,5.77,4.61,4.12,5.67,0.0497,C18D4.11,WBGene00195060,Sequence name for WBGene00195060(linc-14). History: N.A.
C18D4.t1,C18D4.t1,10.18,12.51,11.19,28.85,20.76,32.99,2.44,0.00223,C18D4.t1,WBGene00014263,Public name for WBGene00014263. History: N.A.
C25F6.t1,C25F6.t1,5.65,4.86,6.53,12.5,13.84,22.68,2.88,0.0103,C25F6.t1,WBGene00022941,Public name for WBGene00022941. History: N.A.
C25F6.t2,C25F6.t2,5.65,4.86,6.53,12.5,13.84,22.68,2.88,0.0103,C25F6.t2,WBGene00022942,Public name for WBGene00022942. History: N.A.
C25F6.t3,C25F6.t3,5.65,4.86,6.53,12.5,13.84,22.68,2.88,0.0103,C25F6.t3,WBGene00022943,Public name for WBGene00022943. History: N.A.
C25F6.t4,C25F6.t4,4.52,4.17,6.53,9.62,13.84,20.62,2.9,0.0209,C25F6.t4,WBGene00022944,Public name for WBGene00022944. History: N.A.
C27A12.t1,C27A12.t1,9.05,9.03,14.92,21.16,21.91,35.05,2.37,0.00655,C27A12.t1,WBGene00022946,Public name for WBGene00022946. History: N.A.
C27H5.11,C27H5.11,89.34,72.26,68.99,464.53,453.18,482.42,6.07,2.96e-71,C27H5.11,WBGene00045091,Public name for WBGene00045091. History: N.A.
C27H5.9,C27H5.9,6.79,11.12,8.39,20.2,24.22,30.92,2.87,0.00248,C27H5.9,WBGene00044938,Public name for WBGene00044938. History: N.A.
C27H6.5,C27H6.5,2.26,5.56,5.59,21.16,13.84,4.12,2.92,0.0306,C27H6.5,WBGene00044974,Public name for WBGene00044974. History: N.A.
C28A5.7,C28A5.7,16.96,17.37,19.58,26.93,35.75,24.74,1.62,0.0399,C28A5.7,WBGene00014266,Public name for WBGene00014266. History: N.A.
C28A5.t1,C28A5.t1,7.92,8.34,10.25,20.2,16.14,20.62,2.15,0.0191,C28A5.t1,WBGene00014267,Public name for WBGene00014267. History: N.A.
C28A5.t2,C28A5.t2,7.92,8.34,10.25,20.2,16.14,20.62,2.15,0.0191,C28A5.t2,WBGene00014268,Public name for WBGene00014268. History: N.A.
C30E1.t1,C30E1.t1,9.05,6.95,11.19,20.2,21.91,30.92,2.69,0.00176,C30E1.t1,WBGene00022952,Public name for WBGene00022952. History: N.A.
C33A12.22,smy-1,21.49,24.32,22.37,48.09,51.89,53.6,2.25,5.66e-05,C33A12.22,WBGene00045194,Sequence name for WBGene00045194(smy-1). History: N.A.
C33G3.t2,C33G3.t2,4.52,4.17,6.53,9.62,13.84,20.62,2.9,0.0209,C33G3.t2,WBGene00014275,Public name for WBGene00014275. History: N.A.
C35E7.t1,C35E7.t1,5.65,6.25,6.53,13.46,13.84,20.62,2.6,0.013,C35E7.t1,WBGene00022953,Public name for WBGene00022953. History: N.A.
C43G2.t1,C43G2.t1,11.31,11.81,13.05,24.04,25.37,45.36,2.62,0.00186,C43G2.t1,WBGene00022959,Public name for WBGene00022959. History: N.A.
C44B11.8,linc-19,53.15,56.28,38.22,152.92,201.8,119.57,3.21,1.1e-10,C44B11.8,WBGene00219660,Sequence name for WBGene00219660(linc-19). History: N.A.
C44B11.9,linc-45,18.09,40.3,16.78,57.71,83.03,28.86,2.26,0.0401,C44B11.9,WBGene00219661,Sequence name for WBGene00219661(linc-45). History: N.A.
C47E8.t1,C47E8.t1,10.18,12.51,16.78,20.2,24.22,39.17,2.12,0.0255,C47E8.t1,WBGene00014287,Public name for WBGene00014287. History: N.A.
C47F8.9,C47F8.9,23.75,23.62,24.24,46.16,47.28,51.54,2.02,0.000347,C47F8.9,WBGene00014288,Public name for WBGene00014288. History: N.A.
C48C5.t4,C48C5.t4,5.65,7.64,7.46,13.46,13.84,20.62,2.31,0.033,C48C5.t4,WBGene00022965,Public name for WBGene00022965. History: N.A.
C53C7.t3,C53C7.t3,11.31,13.2,14.92,28.85,25.37,51.54,2.68,0.000923,C53C7.t3,WBGene00014297,Public name for WBGene00014297. History: N.A.
C53D6.12,C53D6.12,10.18,11.12,11.19,17.31,21.91,20.62,1.84,0.0446,C53D6.12,WBGene00045116,Public name for WBGene00045116. History: N.A.
D1007.20,D1007.20,2.26,3.47,1.86,11.54,9.23,6.18,3.55,0.0264,D1007.20,WBGene00045094,Public name for WBGene00045094. History: N.A.
D1009.t1,D1009.t1,12.44,11.81,11.19,21.16,20.76,24.74,1.88,0.0322,D1009.t1,WBGene00022971,Public name for WBGene00022971. History: N.A.
D1009.t2,D1009.t2,5.65,7.64,7.46,13.46,13.84,20.62,2.31,0.033,D1009.t2,WBGene00022972,Public name for WBGene00022972. History: N.A.
D1014.12,linc-31,24.88,19.45,23.31,10.58,11.53,12.37,-1.96,0.0252,D1014.12,WBGene00219666,Sequence name for WBGene00219666(linc-31). History: N.A.
D1086.16,smy-4,7.92,9.03,8.39,17.31,17.3,20.62,2.18,0.0226,D1086.16,WBGene00045200,Sequence name for WBGene00045200(smy-4). History: N.A.
D2062.14,linc-66,0.0,2.08,0.0,6.73,26.52,65.97,47.6,0.00105,D2062.14,WBGene00219667,Sequence name for WBGene00219667(linc-66). History: N.A.
E03E2.t3,E03E2.t3,4.52,4.17,6.53,9.62,13.84,20.62,2.9,0.0209,E03E2.t3,WBGene00022976,Public name for WBGene00022976. History: N.A.
F01D5.12,F01D5.12,14.7,6.25,11.19,24.04,24.22,20.62,2.14,0.00744,F01D5.12,WBGene00045139,Public name for WBGene00045139. History: N.A.
F02D10.t3,F02D10.t3,9.05,8.34,9.32,25.97,19.6,26.8,2.71,0.00104,F02D10.t3,WBGene00014304,Public name for WBGene00014304. History: N.A.
F07C6.5,F07C6.5,6.79,11.12,12.12,22.12,23.06,26.8,2.4,0.00354,F07C6.5,WBGene00014306,Public name for WBGene00014306. History: N.A.
F08F1.t1,F08F1.t1,5.65,7.64,7.46,13.46,13.84,20.62,2.31,0.033,F08F1.t1,WBGene00022979,Public name for WBGene00022979. History: N.A.
F08F1.t2,F08F1.t2,5.65,7.64,7.46,13.46,13.84,20.62,2.31,0.033,F08F1.t2,WBGene00022980,Public name for WBGene00022980. History: N.A.
F08G2.10,F08G2.10,23.75,23.62,24.24,46.16,47.28,51.54,2.02,0.000347,F08G2.10,WBGene00014311,Public name for WBGene00014311. History: N.A.
F08G2.9,F08G2.9,23.75,23.62,24.24,46.16,47.28,51.54,2.02,0.000347,F08G2.9,WBGene00014310,Public name for WBGene00014310. History: N.A.
F08G5.t1,F08G5.t1,7.92,8.34,10.25,20.2,16.14,20.62,2.15,0.0191,F08G5.t1,WBGene00014313,Public name for WBGene00014313. History: N.A.
F08G5.t2,F08G5.t2,9.05,9.73,8.39,19.24,18.45,26.8,2.37,0.00859,F08G5.t2,WBGene00014314,Public name for WBGene00014314. History: N.A.
F08G5.t3,F08G5.t3,15.83,14.59,13.98,24.04,26.52,35.05,1.93,0.0155,F08G5.t3,WBGene00014315,Public name for WBGene00014315. History: N.A.
F08H9.10,F08H9.10,100.65,77.82,80.17,563.59,576.57,612.3,6.78,1.57e-78,F08H9.10,WBGene00014316,Public name for WBGene00014316. History: N.A.
F08H9.11,F08H9.11,105.18,81.29,84.84,578.01,589.25,618.49,6.58,8.67e-84,F08H9.11,WBGene00014317,Public name for WBGene00014317. History: N.A.
F10C1.22,linc-44,827.83,969.25,1297.7,59.63,58.81,68.03,-16.6,1.66e-77,F10C1.22,WBGene00219675,Sequence name for WBGene00219675(linc-44). History: N.A.
F11A10.9,F11A10.9,5.65,2.78,3.73,16.35,16.14,6.18,3.18,0.0154,F11A10.9,WBGene00045153,Public name for WBGene00045153. History: N.A.
F11A5.14,F11A5.14,27.14,22.93,27.97,39.43,38.05,55.66,1.71,0.0169,F11A5.14,WBGene00014322,Public name for WBGene00014322. History: N.A.
F13G11.t1,F13G11.t1,7.92,8.34,10.25,20.2,16.14,20.62,2.15,0.0191,F13G11.t1,WBGene00014324,Public name for WBGene00014324. History: N.A.
F13H8.15,linc-4,10.18,10.42,6.53,2.89,3.46,0.0,-4.28,0.0327,F13H8.15,WBGene00219306,Sequence name for WBGene00219306(linc-4). History: N.A.
F14B8.t1,F14B8.t1,5.65,7.64,7.46,13.46,13.84,20.62,2.31,0.033,F14B8.t1,WBGene00022992,Public name for WBGene00022992. History: N.A.
F15H9.5,F15H9.5,23.75,23.62,24.24,46.16,47.28,51.54,2.02,0.000341,F15H9.5,WBGene00014335,Public name for WBGene00014335. History: N.A.
F15H9.6,F15H9.6,23.75,23.62,24.24,46.16,47.28,51.54,2.02,0.000341,F15H9.6,WBGene00014336,Public name for WBGene00014336. History: N.A.
F17H10.t1,F17H10.t1,9.05,6.95,11.19,20.2,21.91,30.92,2.69,0.00176,F17H10.t1,WBGene00014339,Public name for WBGene00014339. History: N.A.
F18C5.t1,F18C5.t1,4.52,4.17,6.53,9.62,13.84,20.62,2.9,0.0209,F18C5.t1,WBGene00022995,Public name for WBGene00022995. History: N.A.
F21A9.3,linc-9,248.8,254.99,271.29,36.55,49.59,43.29,-5.99,8.75e-49,F21A9.3,WBGene00219678,Sequence name for WBGene00219678(linc-9). History: N.A.
F21C3.t1,F21C3.t1,3.39,2.78,3.73,8.66,8.07,10.31,2.73,0.05,F21C3.t1,WBGene00014343,Public name for WBGene00014343. History: N.A.
F22B7.t1,F22B7.t1,11.31,9.03,10.25,17.31,20.76,39.17,2.52,0.00826,F22B7.t1,WBGene00022998,Public name for WBGene00022998. History: N.A.
F22B7.t3,F22B7.t3,3.39,4.86,4.66,10.58,11.53,16.49,2.99,0.0145,F22B7.t3,WBGene00023000,Public name for WBGene00023000. History: N.A.
F22B7.t4,F22B7.t4,3.39,4.86,4.66,10.58,11.53,16.49,2.99,0.0145,F22B7.t4,WBGene00023001,Public name for WBGene00023001. History: N.A.
F22F1.t1,F22F1.t1,5.65,6.25,6.53,13.46,13.84,20.62,2.6,0.013,F22F1.t1,WBGene00023003,Public name for WBGene00023003. History: N.A.
F22F1.t3,F22F1.t3,5.65,6.25,6.53,13.46,13.84,20.62,2.6,0.013,F22F1.t3,WBGene00023005,Public name for WBGene00023005. History: N.A.
F22F1.t5,F22F1.t5,9.05,6.25,6.53,13.46,13.84,20.62,2.2,0.0333,F22F1.t5,WBGene00023007,Public name for WBGene00023007. History: N.A.
F22F1.t9,F22F1.t9,5.65,6.25,6.53,13.46,13.84,20.62,2.6,0.013,F22F1.t9,WBGene00023011,Public name for WBGene00023011. History: N.A.
F23A7.t1,F23A7.t1,4.52,4.17,6.53,9.62,13.84,20.62,2.9,0.0209,F23A7.t1,WBGene00014346,Public name for WBGene00014346. History: N.A.
F25H2.15,F25H2.15,184.34,202.19,239.59,385.66,409.36,556.64,2.16,2.9e-05,F25H2.15,WBGene00045162,Public name for WBGene00045162. History: N.A.
F25H5.9,F25H5.9,12.44,11.12,13.98,36.55,24.22,22.68,2.22,0.0348,F25H5.9,WBGene00045376,Public name for WBGene00045376. History: N.A.
F27E11.t1,F27E11.t1,5.65,4.86,6.53,12.5,13.84,22.68,2.88,0.0103,F27E11.t1,WBGene00023017,Public name for WBGene00023017. History: N.A.
F28F8.t2,F28F8.t2,18.09,21.54,31.7,6.73,9.23,10.31,-2.72,0.00412,F28F8.t2,WBGene00014351,Public name for WBGene00014351. History: N.A.
F28F8.t3,F28F8.t3,5.65,6.25,6.53,13.46,13.84,20.62,2.6,0.013,F28F8.t3,WBGene00014352,Public name for WBGene00014352. History: N.A.
F31A9.8,linc-75,11.31,5.56,7.46,0.0,1.15,0.0,-21.1,0.00391,F31A9.8,WBGene00219685,Sequence name for WBGene00219685(linc-75). History: N.A.
F31C3.10,rrn-3.56,7183.59,5558.42,6725.27,70163.69,75972.29,95366.72,12.41,1.62e-127,F31C3.10,WBGene00004677,Sequence name for WBGene00004677(rrn-3.56). History: N.A.
F31C3.11,rrn-2.1,1945.18,1746.73,2275.63,9078.94,10154.55,13132.56,5.42,1.18e-35,F31C3.11,WBGene00004567,Sequence name for WBGene00004567(rrn-2.1). History: N.A.
F31C3.7,rrn-1.1,2719.86,1261.76,1548.47,62842.83,70618.27,83549.48,39.24,3.69e-87,F31C3.7,WBGene00004512,Sequence name for WBGene00004512(rrn-1.1). History: N.A.
F31C3.8,rrn-1.2,2719.86,1261.76,1548.47,62842.83,70618.27,83549.48,39.24,3.69e-87,F31C3.8,WBGene00004513,Sequence name for WBGene00004513(rrn-1.2). History: N.A.
F31C3.9,rrn-3.1,23615.81,13016.42,15288.95,527076.93,565697.98,710222.13,34.73,1.07e-104,F31C3.9,WBGene00004622,Sequence name for WBGene00004622(rrn-3.1). History: N.A.
F31E9.t1,F31E9.t1,13.57,15.98,19.58,34.62,35.75,41.23,2.27,0.00106,F31E9.t1,WBGene00014362,Public name for WBGene00014362. History: N.A.
F32A6.t1,F32A6.t1,3.39,4.86,4.66,9.62,11.53,16.49,2.91,0.0193,F32A6.t1,WBGene00023022,Public name for WBGene00023022. History: N.A.
F32B5.9,F32B5.9,11.31,10.42,13.05,25.01,33.44,18.55,2.21,0.0048,F32B5.9,WBGene00044927,Public name for WBGene00044927. History: N.A.
F33D11.t2,F33D11.t2,7.92,8.34,10.25,20.2,16.14,20.62,2.15,0.0191,F33D11.t2,WBGene00023024,Public name for WBGene00023024. History: N.A.
F36A4.21,linc-21,71.25,54.19,45.68,155.8,169.51,220.59,3.19,8.11e-09,F36A4.21,WBGene00219688,Sequence name for WBGene00219688(linc-21). History: N.A.
F36H12.19,sls-2.12,36.19,38.91,31.7,25.01,19.6,16.49,-1.75,0.0481,F36H12.19,WBGene00004844,Sequence name for WBGene00004844(sls-2.12). History: N.A.
F38G1.t2,F38G1.t2,5.65,6.25,6.53,13.46,13.84,20.62,2.6,0.013,F38G1.t2,WBGene00023035,Public name for WBGene00023035. History: N.A.
F40G12.13,F40G12.13,105.18,81.29,84.84,578.98,589.25,618.49,6.59,1.38e-84,F40G12.13,WBGene00014370,Public name for WBGene00014370. History: N.A.
F40G12.14,F40G12.14,105.18,81.29,84.84,578.01,589.25,618.49,6.58,2.22e-84,F40G12.14,WBGene00014371,Public name for WBGene00014371. History: N.A.
F41A4.t1,F41A4.t1,5.65,6.25,6.53,13.46,13.84,20.62,2.6,0.013,F41A4.t1,WBGene00023038,Public name for WBGene00023038. History: N.A.
F41H10.37,linc-36,0.0,0.69,0.0,6.73,9.23,32.99,70.44,0.00125,F41H10.37,WBGene00219694,Sequence name for WBGene00219694(linc-36). History: N.A.
F42C5.12,F42C5.12,28.27,38.91,33.56,63.48,107.24,55.66,2.25,0.000629,F42C5.12,WBGene00194997,Public name for WBGene00194997. History: N.A.
F42F12.t1,F42F12.t1,9.05,9.73,14.92,23.08,19.6,37.11,2.37,0.00895,F42F12.t1,WBGene00014373,Public name for WBGene00014373. History: N.A.
F43A11.8,F43A11.8,375.46,357.13,426.04,638.6,718.41,884.44,1.93,8.44e-07,F43A11.8,WBGene00045167,Public name for WBGene00045167. History: N.A.
F43C9.t1,F43C9.t1,4.52,4.17,6.53,9.62,13.84,20.62,2.9,0.0209,F43C9.t1,WBGene00023047,Public name for WBGene00023047. History: N.A.
F43E2.13,linc-169,18.09,20.84,17.71,28.85,34.59,35.05,1.74,0.0227,F43E2.13,WBGene00219697,Sequence name for WBGene00219697(linc-169). History: N.A.
F47E1.18,linc-22,675.16,667.01,577.06,1415.7,1734.32,1704.97,2.53,9.64e-24,F47E1.18,WBGene00219699,Sequence name for WBGene00219699(linc-22). History: N.A.
F47E1.t1,F47E1.t1,9.05,9.73,8.39,19.24,18.45,26.8,2.37,0.00859,F47E1.t1,WBGene00023052,Public name for WBGene00023052. History: N.A.
F49C5.t1,F49C5.t1,9.05,7.64,10.25,21.16,17.3,20.62,2.19,0.0175,F49C5.t1,WBGene00014378,Public name for WBGene00014378. History: N.A.
F49C5.t3,F49C5.t3,9.05,9.03,14.92,21.16,21.91,35.05,2.37,0.00655,F49C5.t3,WBGene00014380,Public name for WBGene00014380. History: N.A.
F49C5.t4,F49C5.t4,4.52,4.17,6.53,9.62,13.84,20.62,2.9,0.0209,F49C5.t4,WBGene00014381,Public name for WBGene00014381. History: N.A.
F52D2.13,linc-6,830.09,967.16,701.05,1996.6,2232.48,2018.33,2.5,1.05e-14,F52D2.13,WBGene00219700,Sequence name for WBGene00219700(linc-6). History: N.A.
F52H2.t1,F52H2.t1,5.65,6.25,6.53,13.46,13.84,20.62,2.6,0.013,F52H2.t1,WBGene00023063,Public name for WBGene00023063. History: N.A.
F53B6.t1,F53B6.t1,4.52,4.86,6.53,9.62,13.84,20.62,2.77,0.027,F53B6.t1,WBGene00014389,Public name for WBGene00014389. History: N.A.
F54C8.10,F54C8.10,15.83,15.29,18.65,24.04,34.59,24.74,1.68,0.0415,F54C8.10,WBGene00014394,Public name for WBGene00014394. History: N.A.
F54C8.8,F54C8.8,16.96,17.37,19.58,26.93,35.75,24.74,1.62,0.0399,F54C8.8,WBGene00014392,Public name for WBGene00014392. History: N.A.
F54C8.9,F54C8.9,16.96,17.37,19.58,26.93,35.75,24.74,1.62,0.0399,F54C8.9,WBGene00014393,Public name for WBGene00014393. History: N.A.
F54D8.7,F54D8.7,15.83,16.68,18.65,25.97,34.59,24.74,1.67,0.0352,F54D8.7,WBGene00195000,Public name for WBGene00195000. History: N.A.
F54F7.t1,F54F7.t1,22.62,25.71,21.44,35.58,41.51,51.54,1.84,0.00632,F54F7.t1,WBGene00014395,Public name for WBGene00014395. History: N.A.
F54F7.t2,F54F7.t2,9.05,9.73,8.39,19.24,18.45,26.8,2.37,0.00859,F54F7.t2,WBGene00014396,Public name for WBGene00014396. History: N.A.
F55A11.10,F55A11.10,22.62,15.29,31.7,46.16,34.59,51.54,1.9,0.0181,F55A11.10,WBGene00014397,Public name for WBGene00014397. History: N.A.
F55G1.16,yrn-1,184.34,143.13,146.36,191.39,244.47,317.49,1.59,0.00202,F55G1.16,WBGene00006967,Sequence name for WBGene00006967(yrn-1). History: N.A.
F56F10.t1,F56F10.t1,12.44,11.81,12.12,21.16,24.22,37.11,2.27,0.00568,F56F10.t1,WBGene00023074,Public name for WBGene00023074. History: N.A.
F56F4.t1,F56F4.t1,14.7,15.29,11.19,25.01,34.59,32.99,2.25,0.00254,F56F4.t1,WBGene00023072,Public name for WBGene00023072. History: N.A.
F56H6.14,F56H6.14,23.75,23.62,24.24,46.16,47.28,51.54,2.02,0.000347,F56H6.14,WBGene00014403,Public name for WBGene00014403. History: N.A.
F56H6.15,F56H6.15,27.14,23.62,27.04,45.2,48.43,51.54,1.87,0.00115,F56H6.15,WBGene00014404,Public name for WBGene00014404. History: N.A.
F56H6.16,F56H6.16,23.75,23.62,24.24,46.16,47.28,51.54,2.02,0.000347,F56H6.16,WBGene00014405,Public name for WBGene00014405. History: N.A.
F58G1.10,sup-6,98.39,77.12,80.17,511.65,540.82,558.7,6.3,1.54e-63,F58G1.10,WBGene00006315,"Sequence name for WBGene00006315(sup-6). History: N.A.. Public name for Dead gene WBGene00014412. History of WBGene00014412: Merged into ""WBGene00006315"" on 2004-08-10"
F59C12.t2,F59C12.t2,5.65,6.25,6.53,13.46,13.84,20.62,2.6,0.013,F59C12.t2,WBGene00023076,Public name for WBGene00023076. History: N.A.
F59C6.15,F59C6.15,205.83,152.86,213.49,317.38,319.42,420.57,1.85,1.69e-05,F59C6.15,WBGene00045164,Public name for WBGene00045164. History: N.A.
F59H5.6,linc-8,107.44,113.95,97.89,219.28,246.77,245.33,2.23,8.37e-13,F59H5.6,WBGene00219707,Sequence name for WBGene00219707(linc-8). History: N.A.
H08J11.t1,H08J11.t1,15.83,14.59,13.98,24.04,26.52,35.05,1.93,0.0155,H08J11.t1,WBGene00023078,Public name for WBGene00023078. History: N.A.
H08J11.t2,H08J11.t2,20.36,16.68,14.92,34.62,23.06,32.99,1.75,0.0375,H08J11.t2,WBGene00023079,Public name for WBGene00023079. History: N.A.
H08J11.t3,H08J11.t3,9.05,9.73,8.39,19.24,18.45,26.8,2.37,0.00859,H08J11.t3,WBGene00023080,Public name for WBGene00023080. History: N.A.
H08J11.t4,H08J11.t4,9.05,9.73,8.39,19.24,18.45,26.8,2.37,0.00859,H08J11.t4,WBGene00023081,Public name for WBGene00023081. History: N.A.
H08J11.t5,H08J11.t5,9.05,9.73,8.39,19.24,18.45,26.8,2.37,0.00859,H08J11.t5,WBGene00023082,Public name for WBGene00023082. History: N.A.
H27M09.6,H27M09.6,118.75,88.24,115.6,935.79,924.82,905.05,8.57,2.2900000000000003e-73,H27M09.6,WBGene00194992,Public name for WBGene00194992. History: N.A.
H35N09.t1,H35N09.t1,9.05,9.73,8.39,19.24,18.45,26.8,2.37,0.00859,H35N09.t1,WBGene00023085,Public name for WBGene00023085. History: N.A.
H35N09.t2,H35N09.t2,15.83,14.59,13.98,24.04,26.52,35.05,1.93,0.0155,H35N09.t2,WBGene00023086,Public name for WBGene00023086. History: N.A.
K02A4.t1,K02A4.t1,4.52,4.17,5.59,27.89,17.3,24.74,4.89,0.00107,K02A4.t1,WBGene00014416,Public name for WBGene00014416. History: N.A.
K02D7.t1,K02D7.t1,5.65,6.25,6.53,13.46,13.84,20.62,2.6,0.013,K02D7.t1,WBGene00023092,Public name for WBGene00023092. History: N.A.
K02E11.t1,K02E11.t1,14.7,15.29,13.05,24.04,27.68,32.99,1.97,0.0126,K02E11.t1,WBGene00014420,Public name for WBGene00014420. History: N.A.
K02F3.14,linc-37,5.65,5.56,7.46,0.0,0.0,0.0,-25.66,0.0027,K02F3.14,WBGene00219709,Sequence name for WBGene00219709(linc-37). History: N.A.
K03H6.t1,K03H6.t1,5.65,6.25,6.53,13.46,13.84,20.62,2.6,0.013,K03H6.t1,WBGene00023094,Public name for WBGene00023094. History: N.A.
K04C2.t3,K04C2.t3,4.52,4.17,6.53,9.62,13.84,20.62,2.9,0.0209,K04C2.t3,WBGene00023099,Public name for WBGene00023099. History: N.A.
K05G3.t1,K05G3.t1,3.39,4.86,4.66,10.58,11.53,16.49,2.99,0.0145,K05G3.t1,WBGene00023100,Public name for WBGene00023100. History: N.A.
K07C10.2,K07C10.2,38.45,50.03,45.68,69.25,66.88,115.45,1.88,0.00542,K07C10.2,WBGene00014425,Public name for WBGene00014425. History: N.A.
K08B5.t1,K08B5.t1,3.39,4.86,4.66,10.58,11.53,16.49,2.99,0.0145,K08B5.t1,WBGene00023101,Public name for WBGene00023101. History: N.A.
K08E3.14,linc-99,9.05,13.9,10.25,1.92,0.0,2.06,-8.33,0.00153,K08E3.14,WBGene00219599,Sequence name for WBGene00219599(linc-99). History: N.A.
K09A11.t1,K09A11.t1,13.57,11.12,10.25,26.93,27.68,37.11,2.62,0.00066,K09A11.t1,WBGene00014429,Public name for WBGene00014429. History: N.A.
K09B11.11,K09B11.11,16.96,17.37,19.58,26.93,35.75,24.74,1.62,0.0399,K09B11.11,WBGene00014430,Public name for WBGene00014430. History: N.A.
K09B11.12,K09B11.12,16.96,17.37,19.58,26.93,35.75,24.74,1.62,0.0399,K09B11.12,WBGene00014431,Public name for WBGene00014431. History: N.A.
K09B11.13,K09B11.13,16.96,17.37,19.58,26.93,35.75,24.74,1.62,0.0399,K09B11.13,WBGene00014432,Public name for WBGene00014432. History: N.A.
K09B11.14,K09B11.14,16.96,17.37,19.58,26.93,35.75,24.74,1.62,0.0399,K09B11.14,WBGene00014433,Public name for WBGene00014433. History: N.A.
K09B11.15,K09B11.15,16.96,17.37,19.58,26.93,35.75,24.74,1.62,0.0399,K09B11.15,WBGene00014434,Public name for WBGene00014434. History: N.A.
K09B11.16,K09B11.16,16.96,17.37,19.58,26.93,35.75,24.74,1.62,0.0399,K09B11.16,WBGene00014435,Public name for WBGene00014435. History: N.A.
K10C8.t1,K10C8.t1,7.92,7.64,4.66,10.58,16.14,24.74,2.55,0.0218,K10C8.t1,WBGene00014437,Public name for WBGene00014437. History: N.A.
K11H12.t1,K11H12.t1,6.79,2.08,0.93,15.39,12.68,4.12,3.28,0.0189,K11H12.t1,WBGene00023106,Public name for WBGene00023106. History: N.A.
M01E5.7,sls-2.9,105.18,104.22,140.77,308.72,303.28,342.23,2.73,4.31e-14,M01E5.7,WBGene00004841,Sequence name for WBGene00004841(sls-2.9). History: N.A.
M163.14,M163.14,4.52,4.86,2.8,0.96,0.0,0.0,-12.67,0.0343,M163.14,WBGene00045158,Public name for WBGene00045158. History: N.A.
M57.t1,M57.t1,7.92,8.34,10.25,20.2,16.14,20.62,2.15,0.0191,M57.t1,WBGene00023115,Public name for WBGene00023115. History: N.A.
R03E1.t2,R03E1.t2,5.65,6.25,6.53,13.46,13.84,20.62,2.6,0.013,R03E1.t2,WBGene00014476,Public name for WBGene00014476. History: N.A.
R04A9.t1,R04A9.t1,9.05,9.73,8.39,19.24,18.45,26.8,2.37,0.00859,R04A9.t1,WBGene00023117,Public name for WBGene00023117. History: N.A.
R04D3.t2,R04D3.t2,7.92,6.95,4.66,10.58,16.14,24.74,2.64,0.0159,R04D3.t2,WBGene00014478,Public name for WBGene00014478. History: N.A.
R04D3.t4,R04D3.t4,7.92,7.64,10.25,13.46,16.14,28.86,2.27,0.0299,R04D3.t4,WBGene00014480,Public name for WBGene00014480. History: N.A.
R04E5.t1,R04E5.t1,3.39,6.25,4.66,12.5,16.14,8.25,2.58,0.0423,R04E5.t1,WBGene00023118,Public name for WBGene00023118. History: N.A.
R04E5.t6,R04E5.t6,9.05,6.95,11.19,20.2,21.91,30.92,2.69,0.00176,R04E5.t6,WBGene00023123,Public name for WBGene00023123. History: N.A.
R05D7.6,R05D7.6,23.75,23.62,24.24,46.16,47.28,51.54,2.02,0.000347,R05D7.6,WBGene00014483,Public name for WBGene00014483. History: N.A.
R07E5.16,R07E5.16,16.96,17.37,19.58,26.93,35.75,24.74,1.62,0.0399,R07E5.16,WBGene00014484,Public name for WBGene00014484. History: N.A.
R09E10.t1,R09E10.t1,9.05,9.73,8.39,19.24,18.45,26.8,2.37,0.00859,R09E10.t1,WBGene00014485,Public name for WBGene00014485. History: N.A.
R10F2.8,linc-42,7.92,9.03,13.98,23.08,31.13,24.74,2.55,0.00362,R10F2.8,WBGene00219718,Sequence name for WBGene00219718(linc-42). History: N.A.
R11.t1,R11.t1,12.44,11.81,12.12,21.16,24.22,37.11,2.27,0.00568,R11.t1,WBGene00014486,Public name for WBGene00014486. History: N.A.
R11.t2,R11.t2,12.44,11.81,12.12,21.16,24.22,37.11,2.27,0.00568,R11.t2,WBGene00014487,Public name for WBGene00014487. History: N.A.
R11.t3,R11.t3,12.44,11.81,12.12,21.16,24.22,37.11,2.27,0.00568,R11.t3,WBGene00014488,Public name for WBGene00014488. History: N.A.
R11.t4,R11.t4,12.44,11.81,12.12,21.16,24.22,37.11,2.27,0.00568,R11.t4,WBGene00014489,Public name for WBGene00014489. History: N.A.
R12E2.16,sls-2.4,36.19,40.3,47.54,92.33,87.64,80.4,2.1,3.46e-07,R12E2.16,WBGene00004836,Sequence name for WBGene00004836(sls-2.4). History: N.A.
R148.t1,R148.t1,12.44,11.12,13.05,20.2,23.06,35.05,2.14,0.0114,R148.t1,WBGene00023127,Public name for WBGene00023127. History: N.A.
R166.7,R166.7,3.39,6.25,3.73,15.39,27.68,18.55,4.61,0.000475,R166.7,WBGene00045074,Public name for WBGene00045074. History: N.A.
T01B6.11,linc-154,46.37,54.89,38.22,31.74,27.68,18.55,-1.79,0.0239,T01B6.11,WBGene00219722,Sequence name for WBGene00219722(linc-154). History: N.A.
T02E1.9,T02E1.9,13.57,9.03,15.85,21.16,19.6,32.99,1.92,0.0466,T02E1.9,WBGene00045156,Public name for WBGene00045156. History: N.A.
T03E6.t1,T03E6.t1,15.83,14.59,13.98,24.04,26.52,35.05,1.93,0.0155,T03E6.t1,WBGene00014499,Public name for WBGene00014499. History: N.A.
T03F1.13,linc-63,6272.07,6627.02,5559.03,21.16,24.22,26.8,-255.74,7.62e-288,T03F1.13,WBGene00219725,Sequence name for WBGene00219725(linc-63). History: N.A.
T03F7.8,T03F7.8,4.52,6.25,9.32,13.46,12.68,26.8,2.63,0.0364,T03F7.8,WBGene00045071,Public name for WBGene00045071. History: N.A.
T03G6.t1,T03G6.t1,9.05,6.95,11.19,20.2,21.91,30.92,2.69,0.00176,T03G6.t1,WBGene00023128,Public name for WBGene00023128. History: N.A.
T05A8.t1,T05A8.t1,9.05,9.03,14.92,21.16,21.91,35.05,2.37,0.00655,T05A8.t1,WBGene00023129,Public name for WBGene00023129. History: N.A.
T05A8.t2,T05A8.t2,9.05,9.03,14.92,21.16,21.91,35.05,2.37,0.00655,T05A8.t2,WBGene00023130,Public name for WBGene00023130. History: N.A.
T08B6.62,T08B6.62,15.83,16.68,18.65,25.97,34.59,24.74,1.67,0.0352,T08B6.62,WBGene00195002,Public name for WBGene00195002. History: N.A.
T08E11.10,linc-16,154.94,202.88,123.06,61.55,79.57,92.77,-2.06,0.0109,T08E11.10,WBGene00219728,Sequence name for WBGene00219728(linc-16). History: N.A.
T08G5.11,T08G5.11,153.8,130.62,130.52,735.74,742.62,828.77,5.56,3.65e-97,T08G5.11,WBGene00014511,Public name for WBGene00014511. History: N.A.
T14B4.t1,T14B4.t1,5.65,4.86,10.25,14.43,14.99,22.68,2.51,0.0214,T14B4.t1,WBGene00023138,Public name for WBGene00023138. History: N.A.
T14F9.t1,T14F9.t1,5.65,6.25,6.53,13.46,13.84,20.62,2.6,0.013,T14F9.t1,WBGene00023139,Public name for WBGene00023139. History: N.A.
T19C4.12,T19C4.12,383.38,357.13,440.96,640.53,724.17,898.87,1.92,9.41e-07,T19C4.12,WBGene00045170,Public name for WBGene00045170. History: N.A.
T19C4.t1,T19C4.t1,11.31,13.2,14.92,28.85,25.37,51.54,2.68,0.000923,T19C4.t1,WBGene00014521,Public name for WBGene00014521. History: N.A.
T20D3.12,T20D3.12,7.92,11.81,14.92,21.16,33.44,16.49,2.05,0.0247,T20D3.12,WBGene00014522,Public name for WBGene00014522. History: N.A.
T20D3.13,T20D3.13,10.18,11.81,13.05,18.27,27.68,18.55,1.84,0.0369,T20D3.13,WBGene00014523,Public name for WBGene00014523. History: N.A.
T21H3.11,linc-128,31.67,36.82,33.56,4.81,1.15,4.12,-10.12,4.4e-08,T21H3.11,WBGene00219734,Sequence name for WBGene00219734(linc-128). History: N.A.
T22A3.t1,T22A3.t1,9.05,6.95,11.19,20.2,21.91,30.92,2.69,0.00176,T22A3.t1,WBGene00014525,Public name for WBGene00014525. History: N.A.
T22E6.2,linc-7,2477.84,2545.76,1763.82,225.05,244.47,173.18,-10.56,2.85e-70,T22E6.2,WBGene00219609,Sequence name for WBGene00219609(linc-7). History: N.A.
T22F3.t3,T22F3.t3,0.0,0.69,1.86,4.81,6.92,12.37,9.42,0.00983,T22F3.t3,WBGene00023145,Public name for WBGene00023145. History: N.A.
T22F3.t4,T22F3.t4,2.26,2.08,3.73,6.73,8.07,10.31,3.11,0.045,T22F3.t4,WBGene00023146,Public name for WBGene00023146. History: N.A.
T22F7.t1,T22F7.t1,14.7,11.12,12.12,25.97,32.29,28.86,2.3,0.00174,T22F7.t1,WBGene00023147,Public name for WBGene00023147. History: N.A.
T23F1.t1,T23F1.t1,4.52,4.17,6.53,9.62,13.84,20.62,2.9,0.0209,T23F1.t1,WBGene00014531,Public name for WBGene00014531. History: N.A.
T25D1.6,linc-20,163.98,185.51,169.67,26.93,35.75,32.99,-5.43,3.46e-31,T25D1.6,WBGene00219736,Sequence name for WBGene00219736(linc-20). History: N.A.
T25D1.t2,T25D1.t2,3.39,4.86,4.66,10.58,11.53,16.49,2.99,0.0145,T25D1.t2,WBGene00023150,Public name for WBGene00023150. History: N.A.
T25E4.t1,T25E4.t1,7.92,6.95,4.66,10.58,16.14,24.74,2.64,0.0159,T25E4.t1,WBGene00023151,Public name for WBGene00023151. History: N.A.
T27A3.9,T27A3.9,21.49,22.93,23.31,2.89,6.92,4.12,-4.86,7.34e-05,T27A3.9,WBGene00044934,Public name for WBGene00044934. History: N.A.
T27B1.t1,T27B1.t1,3.39,4.86,4.66,10.58,11.53,16.49,2.99,0.0145,T27B1.t1,WBGene00023153,Public name for WBGene00023153. History: N.A.
T27C4.6,linc-136,186.6,175.78,238.66,270.25,302.12,451.5,1.7,0.00105,T27C4.6,WBGene00219739,Sequence name for WBGene00219739(linc-136). History: N.A.
T27C5.18,rrn-4.15,239.75,218.86,252.64,392.4,463.56,538.08,1.96,1.19e-11,T27C5.18,WBGene00189966,Sequence name for WBGene00189966(rrn-4.15). History: N.A.
T27E4.10,T27E4.10,74.64,60.45,62.46,446.25,457.8,467.99,6.95,3.0800000000000004e-85,T27E4.10,WBGene00044923,Public name for WBGene00044923. History: N.A.
T27E4.11,T27E4.11,74.64,60.45,62.46,446.25,457.8,467.99,6.95,3.0800000000000004e-85,T27E4.11,WBGene00194993,Public name for WBGene00194993. History: N.A.
T27E4.12,T27E4.12,159.46,151.47,200.43,929.05,901.76,1160.7,5.85,1.17e-56,T27E4.12,WBGene00194994,Public name for WBGene00194994. History: N.A.
T28B4.t1,T28B4.t1,3.39,4.86,4.66,10.58,11.53,16.49,2.99,0.0145,T28B4.t1,WBGene00023154,Public name for WBGene00023154. History: N.A.
T28F2.t1,T28F2.t1,5.65,4.86,6.53,12.5,13.84,22.68,2.88,0.0103,T28F2.t1,WBGene00023156,Public name for WBGene00023156. History: N.A.
W03C9.t1,W03C9.t1,4.52,7.64,5.59,10.58,24.22,22.68,3.24,0.0174,W03C9.t1,WBGene00014539,Public name for WBGene00014539. History: N.A.
W03D2.12,linc-77,31.67,16.68,22.37,0.0,0.0,0.0,-95.63,4.31e-07,W03D2.12,WBGene00219741,Sequence name for WBGene00219741(linc-77). History: N.A.
W04G5.11,W04G5.11,23.75,23.62,24.24,46.16,47.28,51.54,2.02,0.000357,W04G5.11,WBGene00014542,Public name for WBGene00014542. History: N.A.
W05B2.8,W05B2.8,16.96,17.37,19.58,26.93,35.75,24.74,1.62,0.0399,W05B2.8,WBGene00014543,Public name for WBGene00014543. History: N.A.
W06G6.t1,W06G6.t1,5.65,6.25,6.53,13.46,13.84,20.62,2.6,0.013,W06G6.t1,WBGene00014546,Public name for WBGene00014546. History: N.A.
W06G6.t2,W06G6.t2,5.65,6.25,6.53,13.46,13.84,20.62,2.6,0.013,W06G6.t2,WBGene00014547,Public name for WBGene00014547. History: N.A.
W06G6.t3,W06G6.t3,5.65,6.25,6.53,13.46,13.84,20.62,2.6,0.013,W06G6.t3,WBGene00014548,Public name for WBGene00014548. History: N.A.
W07G1.8,W07G1.8,23.75,23.62,24.24,46.16,47.28,51.54,2.02,0.000347,W07G1.8,WBGene00014549,Public name for WBGene00014549. History: N.A.
W07G1.9,W07G1.9,23.75,23.62,24.24,46.16,47.28,51.54,2.02,0.000347,W07G1.9,WBGene00014550,Public name for WBGene00014550. History: N.A.
W07G4.t1,W07G4.t1,4.52,4.17,6.53,9.62,13.84,20.62,2.9,0.0209,W07G4.t1,WBGene00014551,Public name for WBGene00014551. History: N.A.
W09C3.9,linc-91,22.62,13.2,15.85,0.0,0.0,0.0,-70.28,5.96e-06,W09C3.9,WBGene00219746,Sequence name for WBGene00219746(linc-91). History: N.A.
W09D6.8,sls-2.15,38.45,33.35,20.51,52.9,46.13,65.97,1.79,0.00703,W09D6.8,WBGene00004847,Sequence name for WBGene00004847(sls-2.15). History: N.A.
Y102A5D.10,rrn-4.12,239.75,218.86,252.64,392.4,463.56,538.08,1.96,1.19e-11,Y102A5D.10,WBGene00077475,Sequence name for WBGene00077475(rrn-4.12). History: N.A.
Y102A5D.11,rrn-4.13,239.75,218.86,252.64,392.4,463.56,538.08,1.96,1.19e-11,Y102A5D.11,WBGene00077476,Sequence name for WBGene00077476(rrn-4.13). History: N.A.
Y102A5D.12,rrn-4.14,239.75,218.86,252.64,392.4,463.56,538.08,1.96,1.19e-11,Y102A5D.12,WBGene00077477,Sequence name for WBGene00077477(rrn-4.14). History: N.A.
Y102A5D.5,rrn-4.7,239.75,218.86,252.64,392.4,463.56,538.08,1.96,1.19e-11,Y102A5D.5,WBGene00077470,Sequence name for WBGene00077470(rrn-4.7). History: N.A.
Y102A5D.6,rrn-4.8,239.75,218.86,252.64,392.4,463.56,538.08,1.96,1.19e-11,Y102A5D.6,WBGene00077471,Sequence name for WBGene00077471(rrn-4.8). History: N.A.
Y102A5D.7,rrn-4.9,239.75,218.86,252.64,392.4,463.56,538.08,1.96,1.19e-11,Y102A5D.7,WBGene00077472,Sequence name for WBGene00077472(rrn-4.9). History: N.A.
Y102A5D.8,rrn-4.10,239.75,218.86,252.64,392.4,463.56,538.08,1.96,1.19e-11,Y102A5D.8,WBGene00077473,Sequence name for WBGene00077473(rrn-4.10). History: N.A.
Y102A5D.9,rrn-4.11,239.75,218.86,252.64,392.4,463.56,538.08,1.96,1.19e-11,Y102A5D.9,WBGene00077474,Sequence name for WBGene00077474(rrn-4.11). History: N.A.
Y105C5B.t1,Y105C5B.t1,5.65,6.25,6.53,13.46,13.84,20.62,2.6,0.013,Y105C5B.t1,WBGene00014608,Public name for WBGene00014608. History: N.A.
Y105C5B.t4,Y105C5B.t4,5.65,6.25,6.53,13.46,13.84,20.62,2.6,0.013,Y105C5B.t4,WBGene00014611,Public name for WBGene00014611. History: N.A.
Y110A2AL.t1,Y110A2AL.t1,9.05,9.03,14.92,21.16,21.91,35.05,2.37,0.00655,Y110A2AL.t1,WBGene00023203,Public name for WBGene00023203. History: N.A.
Y110A2AL.t2,Y110A2AL.t2,9.05,9.03,14.92,21.16,21.91,35.05,2.37,0.00655,Y110A2AL.t2,WBGene00023204,Public name for WBGene00023204. History: N.A.
Y17G9A.85,Y17G9A.85,15.83,16.68,18.65,25.97,34.59,24.74,1.67,0.0352,Y17G9A.85,WBGene00195001,Public name for WBGene00195001. History: N.A.
Y17G9A.t1,Y17G9A.t1,19.23,23.62,33.56,6.73,10.38,12.37,-2.59,0.00395,Y17G9A.t1,WBGene00023168,Public name for WBGene00023168. History: N.A.
Y18H1A.t1,Y18H1A.t1,11.31,13.2,14.92,28.85,25.37,51.54,2.68,0.000923,Y18H1A.t1,WBGene00023169,Public name for WBGene00023169. History: N.A.
Y20F4.10,linc-30,71.25,80.6,53.14,13.46,27.68,32.99,-2.77,0.0001,Y20F4.10,WBGene00219749,Sequence name for WBGene00219749(linc-30). History: N.A.
Y25C1A.t1,Y25C1A.t1,9.05,6.95,11.19,20.2,21.91,30.92,2.69,0.00176,Y25C1A.t1,WBGene00023173,Public name for WBGene00023173. History: N.A.
Y25C1A.t2,Y25C1A.t2,9.05,6.95,11.19,20.2,21.91,30.92,2.69,0.00176,Y25C1A.t2,WBGene00023174,Public name for WBGene00023174. History: N.A.
Y37B11A.t2,Y37B11A.t2,9.05,6.95,11.19,20.2,21.91,30.92,2.69,0.00176,Y37B11A.t2,WBGene00023175,Public name for WBGene00023175. History: N.A.
Y37E3.20,Y37E3.20,22.62,20.84,16.78,28.85,42.67,43.29,1.91,0.00733,Y37E3.20,WBGene00044925,Public name for WBGene00044925. History: N.A.
Y39B6A.t9,Y39B6A.t9,12.44,5.56,13.98,27.89,27.68,35.05,2.83,0.000362,Y39B6A.t9,WBGene00014567,Public name for WBGene00014567. History: N.A.
Y39G10AL.t1,Y39G10AL.t1,9.05,6.95,11.19,20.2,21.91,30.92,2.69,0.00176,Y39G10AL.t1,WBGene00023176,Public name for WBGene00023176. History: N.A.
Y40H7A.t2,Y40H7A.t2,18.09,21.54,31.7,6.73,9.23,10.31,-2.72,0.00412,Y40H7A.t2,WBGene00014571,Public name for WBGene00014571. History: N.A.
Y43F4A.t1,Y43F4A.t1,14.7,11.12,12.12,25.97,32.29,28.86,2.3,0.00174,Y43F4A.t1,WBGene00014574,Public name for WBGene00014574. History: N.A.
Y45F10B.19,smy-8,194.52,198.71,176.2,10.58,25.37,10.31,-12.31,6.62e-33,Y45F10B.19,WBGene00045203,Sequence name for WBGene00045203(smy-8). History: N.A.
Y47H9A.2,Y47H9A.2,26.01,23.62,24.24,46.16,47.28,53.6,1.99,0.000483,Y47H9A.2,WBGene00014577,Public name for WBGene00014577. History: N.A.
Y49E10.t1,Y49E10.t1,9.05,9.73,8.39,19.24,18.45,26.8,2.37,0.00859,Y49E10.t1,WBGene00014578,Public name for WBGene00014578. History: N.A.
Y49F6A.10,linc-68,3.39,3.47,7.46,8.66,18.45,12.37,2.76,0.0436,Y49F6A.10,WBGene00219756,Sequence name for WBGene00219756(linc-68). History: N.A.
Y49F6C.11,linc-11,1542.57,1689.06,1463.64,92.33,137.22,123.7,-13.29,1.15e-149,Y49F6C.11,WBGene00219758,Sequence name for WBGene00219758(linc-11). History: N.A.
Y4C6B.t1,Y4C6B.t1,15.83,14.59,13.98,24.04,26.52,35.05,1.93,0.0155,Y4C6B.t1,WBGene00023166,Public name for WBGene00023166. History: N.A.
Y51H4A.t2,Y51H4A.t2,4.52,2.08,3.73,5.77,11.53,14.43,3.07,0.0321,Y51H4A.t2,WBGene00014580,Public name for WBGene00014580. History: N.A.
Y51H4A.t4,Y51H4A.t4,5.65,6.95,9.32,14.43,8.07,35.05,2.62,0.0431,Y51H4A.t4,WBGene00014582,Public name for WBGene00014582. History: N.A.
Y51H4A.t6,Y51H4A.t6,4.52,2.08,3.73,5.77,11.53,14.43,3.07,0.0321,Y51H4A.t6,WBGene00014584,Public name for WBGene00014584. History: N.A.
Y53C12A.t1,Y53C12A.t1,12.44,5.56,13.98,27.89,27.68,35.05,2.83,0.000362,Y53C12A.t1,WBGene00014588,Public name for WBGene00014588. History: N.A.
Y53F4B.47,Y53F4B.47,29.4,38.21,22.37,63.48,96.86,61.85,2.47,9.86e-05,Y53F4B.47,WBGene00045141,Public name for WBGene00045141. History: N.A.
Y54G2A.t1,Y54G2A.t1,4.52,4.86,5.59,11.54,11.53,22.68,3.05,0.00874,Y54G2A.t1,WBGene00023178,Public name for WBGene00023178. History: N.A.
Y54G2A.t3,Y54G2A.t3,6.79,8.34,7.46,21.16,26.52,26.8,3.3,0.000172,Y54G2A.t3,WBGene00023180,Public name for WBGene00023180. History: N.A.
Y54G2A.t4,Y54G2A.t4,5.65,6.25,6.53,13.46,13.84,20.62,2.6,0.013,Y54G2A.t4,WBGene00023181,Public name for WBGene00023181. History: N.A.
Y54G2A.t5,Y54G2A.t5,5.65,6.25,6.53,13.46,13.84,20.62,2.6,0.013,Y54G2A.t5,WBGene00023182,Public name for WBGene00023182. History: N.A.
Y54G9A.8,Y54G9A.8,38.45,44.47,46.61,101.95,78.41,121.64,2.33,1.71e-06,Y54G9A.8,WBGene00014589,Public name for WBGene00014589. History: N.A.
Y57G11C.35,Y57G11C.35,48.63,44.47,41.02,75.98,64.58,74.22,1.6,0.00586,Y57G11C.35,WBGene00014593,Public name for WBGene00014593. History: N.A.
Y57G11C.t1,Y57G11C.t1,18.09,21.54,31.7,6.73,9.23,10.31,-2.72,0.00412,Y57G11C.t1,WBGene00014594,Public name for WBGene00014594. History: N.A.
Y66D12A.t1,Y66D12A.t1,3.39,4.86,4.66,10.58,11.53,16.49,2.99,0.0145,Y66D12A.t1,WBGene00014600,Public name for WBGene00014600. History: N.A.
Y69A2AR.36,Y69A2AR.36,11.31,15.98,11.19,39.43,39.21,39.17,3.06,7.53e-06,Y69A2AR.36,WBGene00194996,Public name for WBGene00194996. History: N.A.
Y70C5A.t1,Y70C5A.t1,4.52,4.17,6.53,9.62,13.84,20.62,2.9,0.0209,Y70C5A.t1,WBGene00014601,Public name for WBGene00014601. History: N.A.
Y71F9AM.7,Y71F9AM.7,14.7,7.64,6.53,24.04,38.05,22.68,2.94,0.00107,Y71F9AM.7,WBGene00044928,Public name for WBGene00044928. History: N.A.
Y73B6BL.269,linc-29,47841.18,49737.42,38353.83,18315.61,19273.57,16765.15,-2.5,1.95e-26,Y73B6BL.269,WBGene00189951,Sequence name for WBGene00189951(linc-29). History: N.A.
Y74C9A.6,Y74C9A.6,323.44,408.54,350.53,158.69,128.0,144.31,-2.51,4.84e-19,Y74C9A.6,WBGene00023193,Public name for WBGene00023193. History: N.A.
Y75B8A.38,sls-2.8,72.38,80.6,87.63,130.8,157.98,181.42,1.95,5.53e-06,Y75B8A.38,WBGene00004840,Sequence name for WBGene00004840(sls-2.8). History: N.A.
Y7A5A.t1,Y7A5A.t1,9.05,6.95,9.32,20.2,12.68,22.68,2.19,0.0312,Y7A5A.t1,WBGene00014554,Public name for WBGene00014554. History: N.A.
Y82E9BR.31,linc-24,3.39,2.78,1.86,6.73,12.68,12.37,3.96,0.0343,Y82E9BR.31,WBGene00219771,Sequence name for WBGene00219771(linc-24). History: N.A.
ZC132.t1,ZC132.t1,7.92,6.25,9.32,18.27,20.76,28.86,2.89,0.00123,ZC132.t1,WBGene00023207,Public name for WBGene00023207. History: N.A.
ZC412.t1,ZC412.t1,3.39,4.86,4.66,10.58,11.53,16.49,2.99,0.0145,ZC412.t1,WBGene00014617,Public name for WBGene00014617. History: N.A.
ZC449.t1,ZC449.t1,18.09,21.54,31.7,6.73,9.23,10.31,-2.72,0.00412,ZC449.t1,WBGene00023208,Public name for WBGene00023208. History: N.A.
ZK1067.t1,ZK1067.t1,28.27,25.71,27.04,38.47,50.74,84.53,2.14,0.00403,ZK1067.t1,WBGene00014640,Public name for WBGene00014640. History: N.A.
ZK1248.18,sls-2.1,45.24,49.33,54.07,86.56,78.41,88.65,1.71,0.000293,ZK1248.18,WBGene00004833,Sequence name for WBGene00004833(sls-2.1). History: N.A.
ZK218.12,rrn-4.1,239.75,218.86,252.64,392.4,463.56,538.08,1.96,1.19e-11,ZK218.12,WBGene00014621,Sequence name for WBGene00014621(rrn-4.1). History: N.A.
ZK218.16,rrn-4.2,228.45,247.35,193.91,406.82,289.44,414.39,1.66,0.00904,ZK218.16,WBGene00077465,Sequence name for WBGene00077465(rrn-4.2). History: N.A.
ZK218.17,rrn-4.3,222.79,241.1,188.32,398.17,280.21,406.14,1.66,0.00886,ZK218.17,WBGene00077466,Sequence name for WBGene00077466(rrn-4.3). History: N.A.
ZK218.18,rrn-4.4,149.28,196.63,165.01,368.35,243.31,321.61,1.83,0.00254,ZK218.18,WBGene00077467,Sequence name for WBGene00077467(rrn-4.4). History: N.A.
ZK218.19,rrn-4.5,236.36,216.08,249.84,386.62,455.49,529.84,1.95,3.38e-11,ZK218.19,WBGene00077468,Sequence name for WBGene00077468(rrn-4.5). History: N.A.
ZK218.20,rrn-4.6,239.75,218.86,252.64,392.4,463.56,538.08,1.96,1.19e-11,ZK218.20,WBGene00077469,Sequence name for WBGene00077469(rrn-4.6). History: N.A.
ZK354.12,sls-2.17,85.95,91.02,66.19,23.08,19.6,20.62,-3.84,2.02e-10,ZK354.12,WBGene00004849,Sequence name for WBGene00004849(sls-2.17). History: N.A.
ZK39.t1,ZK39.t1,2.26,0.69,1.86,4.81,6.92,6.18,3.72,0.0424,ZK39.t1,WBGene00014620,Public name for WBGene00014620. History: N.A.
ZK6.12,linc-32,13.57,15.98,7.46,0.96,2.31,4.12,-5.01,0.00901,ZK6.12,WBGene00219773,Sequence name for WBGene00219773(linc-32). History: N.A.
ZK678.t1,ZK678.t1,11.31,11.81,13.05,24.04,25.37,45.36,2.62,0.00186,ZK678.t1,WBGene00014626,Public name for WBGene00014626. History: N.A.
ZK822.t1,ZK822.t1,12.44,12.51,11.19,25.97,26.52,43.29,2.65,0.000994,ZK822.t1,WBGene00014630,Public name for WBGene00014630. History: N.A.
ZK897.2,ZK897.2,6.79,11.12,12.12,22.12,23.06,26.8,2.4,0.00354,ZK897.2,WBGene00014631,Public name for WBGene00014631. History: N.A.
ZK897.3,ZK897.3,7.92,9.73,13.98,23.08,21.91,22.68,2.14,0.00956,ZK897.3,WBGene00014632,Public name for WBGene00014632. History: N.A.
ZK897.4,ZK897.4,6.79,10.42,8.39,20.2,28.83,20.62,2.72,0.00132,ZK897.4,WBGene00014633,Public name for WBGene00014633. History: N.A.
ZK970.t3,ZK970.t3,39.58,14.59,36.36,82.71,76.11,197.92,3.94,0.000113,ZK970.t3,WBGene00014637,Public name for WBGene00014637. History: N.A.
ZK994.t1,ZK994.t1,4.52,4.17,6.53,9.62,13.84,20.62,2.9,0.0209,ZK994.t1,WBGene00023220,Public name for WBGene00023220. History: N.A.
ZK994.t2,ZK994.t2,4.52,4.17,6.53,9.62,13.84,20.62,2.9,0.0209,ZK994.t2,WBGene00023221,Public name for WBGene00023221. History: N.A.
